,angle_difference_normalized,distance_delta,env,head_target_distance,reward,seed,velocity
0,0.19248872097705702,32.36180135500731,Mujoco-planar-snake-cars-cam-dist-zigzag-v1,3.888913980598879,-0.0020560088999153616,1,0.26850665455488804
1,0.137144055001995,33.88199201744037,Mujoco-planar-snake-cars-cam-dist-line-v1,3.994781288673062,-0.0004579901266966647,2,0.2711488676012694
2,0.19248872097705702,32.36180135500731,Mujoco-planar-snake-cars-cam-dist-zigzag-v1,3.888913980598879,-0.0020560088999153616,2,0.26850665455488804
3,0.137144055001995,33.88199201744037,Mujoco-planar-snake-cars-cam-dist-line-v1,3.994781288673062,-0.0004579901266966647,1,0.2711488676012694
4,0.1757388983926196,32.67536907820912,Mujoco-planar-snake-cars-cam-dist-random-v1,3.965491720103951,-0.0011565337477903099,1,0.27002260369982384
5,0.09480452538269192,-0.19192149836716066,Mujoco-planar-snake-cars-cam-dist-wave-v1,6.0411450044942345,-3.198691639452678e-05,1,0.001626331874827659
6,0.20234497050816377,32.326539866495565,Mujoco-planar-snake-cars-cam-dist-wave-v1,3.9938420499567897,-0.0002039357091185036,2,0.2698709342540906
7,0.1757388983926196,32.67536907820912,Mujoco-planar-snake-cars-cam-dist-random-v1,3.965491720103951,-0.0011565337477903099,2,0.27002260369982384
